Project;ncommits;nauthors;from;to;nstars;nforks;lastGHCommitDate;LongestGapStart (YYYY-MM);LongestGapEnd (YYYY-MM);LongestGapLength (months);NumCommitsAfterLastGap;ActivityPattern;NumberOfGapsInTimeline;BeforeThemes;AfterThemes;HypothesizedGapReason;HasRecovered;WhyRecovered;WhoRecovered;Currentstatus;RecentThemes;Notes
alanwilter_acpype;665;18;2017-10-20;2025-01-20;263;61;2026-09-24;2019-04;2019-06;3;483;irregular;6;Bug fixes:Other;Documentation updates:Release;"Short break by the solo maintainer (Alan Silva); last pre-gap commits were PRMTOP parsing fixes and Anaconda packaging files (2019-03), nothing indicating trouble and no unanswered issues";Yes;"Maintainer returned to clean up: ""Refactoring anaconda"", updated citations/tutorial and ""Release 2019.07.02"" (2019-07-02)";Same person: Alan Silva (original author);Active;Automated bot contributions:Dependency updates;Irregular project with six 3-month pauses and a 2021 spike of ~300 commits. The longest gap is only 3 months and reads as a solo maintainer taking a break before a July 2019 release. Recent activity is mostly Dependabot bumps merged by the author.
aura-healthcare_hrv-analysis;168;13;2018-09-13;2024-11-11;460;111;2026-06-02;2021-05;2024-08;40;22;declining;4;Documentation updates:Release;Bug fixes:Dependency updates;"Project considered finished after the JORS paper submission and PyPI release (PR #27, 2021-02); afterwards issues went unanswered, incl. 3 reports that LombScargle could not be imported from newer astropy (#41-#43) and an unmerged fix PR #40";Yes (briefly);"Users could no longer import the package; Sept 2024 PR #44 ""fix: working LombScargle with recent astropy versions"" plus new CI/publish workflow";New people from the Aura-healthcare org (Alexis Comte, Laura Dumont), not the original author Robin Champseix;Inactive;Automated bot contributions:Dependency updates;"Almost all work happened in 2018; the 40-month gap (2021-05 to 2024-08) followed the JORS publication. A breaking astropy change with unanswered issues prompted new org members to fix it in 2024, but activity stopped again after Nov 2024 so it is Inactive as of 2025-09-30."
dakep_pense-rpkg;728;12;2016-02-05;2024-08-10;5;2;2026-01-27;2016-09;2017-03;7;546;U-shaped;6;Bug fixes:Release;Feature development:Bug fixes;"One-developer research package (davidkep); gap follows hotfix releases 0.5.5/0.5.6 and has no issues or messages explaining it, most likely the developer was busy with other (academic) work";Yes;Developer resumed work on new features (lambda grid options, decreasing lambda sequence) and bug fixes in April 2017;Same person: davidkep (David Kepplinger);Active;Bug fixes:Feature development;Busy 2016-2017, almost idle 2018-2019, active again 2020-2022. The 7-month 2016-17 gap and the later ones follow one developer's schedule. It came back each time through the same author.
declaredesign_estimatr;1297;26;2017-03-24;2025-01-22;135;22;2026-09-21;2022-08;2023-06;11;23;declining;5;Release:Dependency updates;Release:Documentation updates;"Mature package went quiet right after the June 2022 CRAN submission (""submitted to cran""); issues #395-#405 got few replies and PR #394 ""New version 1.0.0"" stayed open the whole gap";Partially;"Maintainer merged the long-open PR #394 and updated docs (2023-07-28) to finish the 1.0.0 release; later only small fixes";Same people: Graeme Blair, later Alexander Coppock;Inactive;Release:Dependency updates;Heavy development in 2017-2018 then steady decline. The 11-month gap began right after a CRAN submission and ended when the same maintainer merged the 1.0.0 PR. With no commits after Feb 2025 it is Inactive as of 2025-09-30.
igsio_openigtlinkio;592;35;2011-04-06;2023-11-15;14;26;2025-07-18;2019-11;2020-09;11;20;declining;11;Feature development:Bug fixes;Dependency updates:Bug fixes;"Library was stable after the 2019 TDATA/device additions so nothing needed changing; no abandonment signals in commits or issues";Yes;"The VTK 9 release broke compilation: ""COMP: Enabling compilation with vtk >= 8.9.0"" (#82), issue #83 ""Build error with VTK8"", ""fixes to build with VTK 9.0.1 on Mac"" (#85)";Mix: existing contributors Adam Rankin and Kyle Sunderland plus new ones (Simon Drouin, Ole Vegard Solberg, Laura Connolly);Active;Dependency updates:Bug fixes;Peak in 2016-2017, then a few commits per year with 11 gaps of 3+ months. The 11-month gap ended when VTK 9 forced compilation fixes. Activity since is mostly keeping it building with new dependencies (CMake, Qt 6).
ipeagit_geobr;4695;46;2019-02-27;2025-01-21;959;131;2026-09-27;2022-09;2022-12;4;260;declining;1;Release:Automated bot contributions;Feature development:Automated bot contributions;"Normal break after the v1.7.0 release (Aug 2022) over the end-of-year holidays; no problem signals in issues";Yes;Lead developer resumed feature work: new read_capitals() function (2023-01-29);Same person: Rafael H. M. Pereira (lead maintainer), plus small outside PR from Vitor Sousa;Active;Release:Bug fixes;Huge first year (3,600+ commits in 2019) then lower but stable activity. Only one gap of 3+ months, a 4-month post-release/holiday pause. Still very active with R, Python and QGIS releases.
juliaopt_cplex.jl;567;57;2013-10-12;2025-01-05;139;62;2026-07-24;2024-06;2024-12;7;1;declining;5;Release:Documentation updates;Documentation updates;"Mature solver wrapper in maintenance mode with one maintainer (Oscar Dowson) who maintains many JuMP wrappers; changes only needed when CPLEX/MOI change, and there were no unanswered bug reports";Yes (maintenance mode);Routine maintenance: README badge fix (#450, 2025-01), then v1.1.1 release (2025-04) and CPLEX 22.2 support (2026);Same person: Oscar Dowson;Active;Automated bot contributions:Release;Steady 2013-2020, then declining with five gaps after 2021. The 7-month 2024 gap is a finished wrapper waiting for upstream changes. Only one commit after it in the WoC window (so only one After theme), but it has continued with releases.
rrrlw_ripserr;314;16;2018-02-15;2024-10-10;12;7;2026-10-01;2023-01;2024-09;21;2;irregular;6;Documentation updates:Feature development;Feature development:Documentation updates;Lack of maintainer time: PR #34 (opened 2022-12-08) sat unmerged until 2024-10-09 and mid-2022 issues (#30, #31) were not resolved;Yes;"Maintainer merged the pending PR #34 and updated documentation (Oct 2024); repo then moved to the tdaverse org with heavy 2025 activity";Same person: Cory Brunson (contributor before the gap);Active;Bug fixes:Feature development;Irregular history with a 2020 spike and two very long gaps (16 and 21 months). The longest gap is a PR waiting almost two years for review. It recovered through the same contributor and is very active in 2025.
rwth-i6_returnn;12167;159;2014-01-14;2025-01-31;377;136;2026-10-07;2014-07;2014-08;2;12066;steady;0;Feature development:Bug fixes;Feature development:Release;N/A active Project;N/A;"N/A (never inactive; the only 2-month pause was in 2014 before the open-source release, ""towards open source release"")";N/A;Active;Feature development:Bug fixes;Largest project (12k+ commits) and never inactive for 3+ months. Roughly 700-1,700 commits every year since 2015 from a research group led in commits by Albert Zeyer. Still actively developing the PyTorch backend.
sheffieldml_gpy;6322;153;2012-11-28;2025-01-15;2169;571;2026-10-07;2022-05;2023-01;9;328;declining;4;Bug fixes:Feature development;Dependency updates:Release;"Original developers had moved on and nobody was maintaining it; meanwhile GPy broke for users on new Python/numpy (issues #998 install error, #1004 incompatible with numpy >= 1.24, 10 comments)";Yes;"Users needed it to work on modern Python: PR #1011 ""Fix issues encountered in modern python versions"", pyproject.toml packaging, new release (2023)";"Mostly a new person: Martin Bubel (304 commits 2023-2025), plus KOLANICH; Zhenwen Dai/Neil Lawrence from the original team for releases and reviews";Active;Bug fixes:Other;Huge 2013-2015 activity that declined to 2 commits in 2022, with four gaps clustered in 2021-2023. Breakage on new numpy/Python led a new contributor, Martin Bubel, to revive it in 2023. It is active again, with the original lead merging fixes.
