Month;#Commits
2019-02;3
2019-03;4
2019-04;14
2019-05;105
2019-06;1094
2019-07;1680
2019-08;144
2019-09;174
2019-10;236
2019-11;84
2019-12;93
2020-01;79
2020-02;122
2020-03;83
2020-04;53
2020-05;18
2020-06;39
2020-07;32
2020-08;4
2020-09;28
2020-10;12
2020-11;9
2020-12;5
2021-01;15
2021-02;65
2021-03;84
2021-04;23
2021-05;20
2021-06;1
2021-07;8
2021-08;3
2021-09;0
2021-10;2
2021-11;2
2021-12;16
2022-01;14
2022-02;13
2022-03;2
2022-04;6
2022-05;6
2022-06;0
2022-07;2
2022-08;38
2022-09;0
2022-10;0
2022-11;0
2022-12;0
2023-01;6
2023-02;2
2023-03;0
2023-04;0
2023-05;5
2023-06;0
2023-07;19
2023-08;25
2023-09;21
2023-10;0
2023-11;11
2023-12;23
2024-01;13
2024-02;4
2024-03;28
2024-04;27
2024-05;4
2024-06;7
2024-07;21
2024-08;6
2024-09;24
2024-10;1
2024-11;9
2024-12;0
2025-01;4
